address,amount
0x8D5272dD16FFE806d4f2A71aaB5B0DECA3f41722,30000
0xc6151E72330A5f06b09cDc13a6A1883c68690476,30000
0x3c6e75206c1103f53004b5ae39b9F5648A37bE3e,30000
0x2CeBBD6d57bF3E26a9705F7FDD1cDAe182533d27,30000
0xfBC84924Bc23642f7CDaa6d3B1123E4c52860d60,30000
0xCD5ee91EC3D2580758eF3e8394dfd9dfC84B777C,30000
0x6f8B1e1A0D33442EE439cd04D7F637Ab875864e6,30000
0x6563bc3cF4cd05a6052E8631ade714Af6394B05,1500
0xD469C0046276f01965a52aD1A9f9C04F0B566C95,1500
0x017cAD29F99eFb8B2641f401eAA60F3Ef943dE37,1500
0xd4Bd46e7191F5A89e252046A7d0F37eECD3C7295,1500
0x2F958912b4C8Edbc97184Bf815A127a13f96eE2,1500
0xd8FF9E17B9c73B4ABe5Ff615D21F59A81232961,1500
0x4EBDe04c6f1deEA33926493e4bF92A91E46FC46,1500
0x8CaA2fe034C4f89da87E587501C4638A1AF29246,1500
0x2B84f6Ea3367Bf0441088d694e0D66BF4695929,1500
0x0Fd0DAdc8b1fBf0d0490dfe405b889c96BC66780,1500
0x306de02532c1b54D6c0B16fb902a06db60B27112,1500
0xEc5D36F03992283212fa18804E508af6ebA615,1500
0x82c93F298CE6Bdf05eC6ef4b5800f1b6678db464,1500
0x35a32d2ff907347151D3FC79588057B22B7aBEa4,1500
0xFd6ba8E259b54681E2928AEF9F35a669c11D0b23,1500
0xFA0e543469b5F9A45F3fDbA1BC163c878253446,1500
0x5a16C299b9364c466AD967931bC3D0BFd0B056,1500
0x80C827732E47925d019D71421B2c704cFf60dA9,1500
0x81b8045c60DD113DCaA1E4d6605C7A75ce7e0cF1,1500
0x862ee9198A5f51908f52a87fADb06006c5e4a6,1500
0xBBFE1C13DA75F29a3d9F050F21C2747342bAB5,1500
0x24F1De89716aE1fb27432AF16f67dbd9b0a433c5,1500
0x9b82c63022c88c8A984df82A3A971394bcCC04b9,1500
0x0e00DFd122697d544d76FFC09cE13696f0DC9607,1500
0xeE1bD63F9A07605507e9fC25293244D3dB865eC4,1500
0x2Ae0B331A24Ae6842557e9d5Af61F0A2836AE358,1500
0xD50b37cCDE9A30441953Bc47277f3103136209,1500
0xEA19ecE167f78426AD4Ea5b14B810d84CB405aF0,1500
0x1fcBbBD2267b96DC5Ee3153ea7c914257a5A2BE7,1500
0x1888f82B86bd9c50c693eadB92e49cf3318c1A5,1500
0xc3B7d27f0bb820B09fC9eBE09BbF1Ab4FA87A0,1500
0xFce841fc7057991a6020FA511850e8A88F3662c4,1500
0xEF318697956B85DfEd357872d48ea74aec0a8396,1500
0x76c1580CF9d12205d4398b11A0DD0c5cE1ed0905,1500
0x7498dcbCB529B46e1bC3c5e522D8e1643c14606,1500
0x81eCb55A57Eb4322c9B97a7FcfE03158E5AB5F58,1500
0x726CcdbD51EAFE5Bffb048792A958368291722,1500
0xFc8d519ffd849D60d98543492487017a19ff6C36,1500
0x95C71428ec721Ea073eA9dBC9C08e1873610c52,1500
0xBDd4fF62CCa949230762C2B8a2288c231E116aa1,1500
0xeedEb67faE96f257aCBc36AFB7E9419d75FA4E40,1500
0xBd79E78fEC998cfEF19004331f0B97e80Cdf5927,1500
0x9Fdd56519F1b30dEF1cBFbc1d46C6F308a7F48d5,1500
0x9BF91594FfEed86C678441F1811BE2aE3162E3,1500
0xCCb42A065abc3c0D72C329F6AE652b4944D76540,1500
0x971EE0E11cCf83099967633bFE91DcD27fA4920,1500
0x5cdF88D40e56C88fbbA2D45b2Bd6837e5a6Fe3,1500
0xb05bD0e7dBaAfCF72F8B253a90BF1a2f5f8c8180,1500
0x052F551322ab4D6fBD662e27c22Af4127A3C66F0,1500
0xF2ab63f60cEe177d224FeC78445cFefA27cf9974,1500
0x79dA9Ed4E3226EfDADAEd613d488661A40F38b97,1500
0x6fa0B5cCA8F1009541Ff697955813D2AA0C8,1500
0x7cD0Bf781ed607F6196CeA569A20AcE2F414bA2,1500
0x82053fa9505DFBAb217499C8205e55b135d25B01,1500
0x83b9b9942d0A0344a7963039E1Fd430E9F38BC1,1500
0xf3A7969707a63dFeEba79cA628Ce40cD322Cce5,1500
0x4D5159F3FFc6527d26419C4dcAc130A09F0987,1500
0xcF7f891b3ec8388D594489F5F2DE12c7A99A6A32,1500
0x9cD266aBBBf2d3A56592E07e2720c26340E31E69,1500
0xAbec396E25467840959D1288A7B9990315c04C9,1500
0x5233fb7126A0A544b4010d17502C43d473cFA64,1500
0x300C114D7A367c2ace9E753389b9cD1035005,1500
0x7A53a8a70d6024F34CEc096F8dEB4a5183F19056,1500
0xe19DFAff1a2Da82dF87514bFd9c49c6943C428,1500
0xb531C588CB0E46601dd480a2bab2962ca8d30582,1500
0xaeaB7FCAC97f533F16810564f7E45830d17C9382,1500
0xc88d02375ABbE794cECd924C9fDC30f004aB7DD5,1500
0xA0faD2D9Fa3b7001C18B66853eE1D251841f3A5,1500
0xa671363627277597c5c2ae704746394FF05D028,1500
0x8C9F06b23d78C8f4D0fAd857e64552cd77eb330,1500
0xf991Cb15D8aC0477D3B6de9cca6957d6d955Db73,1500
0xF719945B2b17d8BFbc3837F26bAfaF1f74Beb685,1500
0x64F0CFb19aD0c6E170F0E29c7584F5f22b0C6ec3,1500
0xdfC2cC0cE52b322159bdf5d96497De2203abcF3,1500
0x757a9D479F15ecd09F18D06b6131306DA4eD2,1500
0x4Ae65Fec50cd92A05dd3186CCdA9fEc9AF5aD468,1500
0x0dB37F6C6aF59d5A3A95FDeEf41727C81f3606c3,1500
0x9e5D70a514aDD48EC398d0255eEBdB552ae7eE1,1500
0xf27904C5b0Bba187948F52E665Ba71722635c064,1500
0x2491b89af677eE4F614264941674e281A4B163f3,1500
0x7170267A51358dE29E571465bA0f590f1aBCC178,1500
0x09e2afD5891bbfe65CEbdaea278Bc65C1F41797,1500
0x003d56f75fD710c097CcA0789DBc48E0b6e03004,1500
0x4918c8AcfDEC84447F1c2A059b0f507fB14E6e04,1500
0xc038dA6f2c77D60FA6C14B154c2Cb484bbea0AC1,1500
0x4E99ff3497C7aeAf4127c0d66FC92F435C7bb6,1500
0x79c36EaD5eFfFcE1E8a379B9Ac6083c92e90CC8,1500
0x6ED23a188a51A801B608463e35986FDC282F2a79,1500
0x385c9F4a1AfC1190AC1bD9D89545fCC735e586,1500
0x2C06aE411d3593FeBFEDaBFf89499419Eb441298,1500
0xf5cC159b732336Cdd86A2dB71A1B4fA653ac399,1500
0x43F5f5Ee19bBE99C28609BB0E1Edc7a034462b7,1500
0x12940d257989a2c7b44d8D808e3E5F1d590F744,1500
0x9F752A43b08977784C8D59278d41809FE869A88,1500
0x5745B1538d345Fe51C4E8c2859c9C09A5E544F99,1500
0x533d58b0e6F7Aa37eC79664E67acEFF9844D8765,1500
0xf553b989b23Ca673006e28A6Ba5DE7b26c362a76,1500
0x0571d7DFE5B45Da6E88705e1B61Bcf0102568f3,1500
0x70aab16500197Ae8B8884dFF67Ba080A1Da37754,1500
0xdd11cb0cd89E8961eB14Ca80299B65eBfFb158,1500
0xCB8424Ab91CF949bB6db7DF29D29c3d10Dba1Cb3,1500
0x7eD1AA8069Fb3FC492F71C28C726Fefc842534E0,1500
0x18925665f141a6370D7b065a74e7729945FaE0D2,1500
0x7AFaCE6a420BecF5e72E53242ad021fACc4c9aC7,1500
0x77B877Bb22c7a2ea6d27E42C2abf48a254712a27,1500
0x88AbE5f4Cb006947662A058d6ed82D62B7839036,1500
0x32F5De0D8F24094C660979Ae34772985a1a8C831,1500
0x525eD09145BFb848D4112F346B4ad154D65a4C78,1500
0xb4Dc4d9441fD898f036687000f51E297a2e75527,1500
0xB58c76c0B9a9Af6cA5259C1A03c713a13E97729,1500
0x9D30Cd950DCC22D5F582ca37C88466A96faf16,1500
0x33bb9EE2f6bD1D22486d4e4E5e7d1F7719555257,1500
0xE2c9d07d08E66398E2D748aA07c9Ad5B7428a1E9,1500
0x070E658e6699B216DB583dC0cc52d63cB47B682,1500
0x1A7b23efb574a4AB0e1F9d200508f133F21300f2,1500
0xDDbCc4f269d94D8f2a8Ef285620f3bcA7Afa77,1500
0x7fe4847db5D2A377e7b2F7CDAA12809b7eDf47B3,1500
0x14488B7be9C02eD84d0edf9cbdb54D4a81868a68,1500
0x6AAbe1f5736c724837bEA705aE754b0389f14E29,1500
0x7256a1484235CeDE02A5d9cD76644984F1Cf818,1500
0x768E7eA1f74eE2d13880b67da43b18698fBA04D9,1500
0x94988fb4bE7C0569685Fd2f988B2C71673747247,1500
0x2d552FFfd2C2b1b0DD7B024F3Be6FdEf0A1cACc3,1500
0x91709C57Bdcb8C55993c39855E85eEDA6E728a71,1500
0x15804C9eF4261881FD216a6bD2032D5729A4e3a5,1500
0x45ADbfEF5385814590BAfbFc474b512B6DaC7eB9,1500
0x2f318E412E97882Ef5bB3F31E07A902cB879B2E7,1500
0x5eEF77f89b1F7c4c3548796b5824dc4B9E57ad42,1500
0xB1B5a51B4d43dE1d236CE3De82235dD4F63250,1500
0x5E233f5fEE43506c05a0d6E420dc73186e84c45,1500
0xb3f2D73e31E8287A408Bc2D1aF165EC54FC2D29,1500
0x2d6CDD2E55484382bc27Ab0fAfc5eD57A6251d46,1500
0x221bcE0B56e445F405BBaAFabB6e0E6C84C28351,1500
0x5125e1F0e5136cd5e2d1A1F8bAbe77FAB9098Eb3,1500
0xB5055949B67430D75891D1A9d5A9218954589,1500
0x3825A5504e57702EAc932e4C179bE556238a73c4,1500
0x1FE2bd244C75F1Afb03B3b4B60F22A8dDB74DC07,1500
0x3d65e33B82462b79af43A16Ea9AcC1e070d5947,1500
0x4b6c987a5bFfdd60820ecF21677EC8582054e665,1500
0x5b4c3B493B5aFF540e8269BE8b31FaDfbd960855,1500
0x1477211ea5A30D425a58380d632cB805e65fbe12,1500
0x933712Dc96f1756EEC845b62519Db466EeC35D3,1500
0xEFb0d0801223A0F1579069B1f43895713663D653,1500
0x0Eb8257575bDb3Cf29C7628CaDEa147e9AAC237,1500
0x6666c05Dee49aD2CE5B45eAdeB608dbB8Cb05655,1500
0x7aC7d28F58069CD8B9C733A3C0b9d06775D9C6A1,1500
0x69CBD3D7528bc6bc68Ff923e26829a3C07Ed1bf5,1500
0xA88082B0745750a1471C7F8202F7bcb53e6E5061,1500
0xFef9bC6DDe7a73A5913cFa3B916d0ad918B27E93,1500
0xD5f652068F02A91D0Ee5cbc8C226aF61Cb76,1500
0xE5bCE4865DA57eb0c44A3DDD54e7945e25D89E83,1500
0x747033736B0D6CC29C74F46Da4e164cA8385e48,1500
0x5318a0F4141c2ef50E203F207dE81a0592C975F8,1500
0xF20C8806Cc07dC77F7A98E7c5FE462A52915ec77,1500
0x0000088b98f3fEE5E68eb9dB27Bd58faC9Db21,1500
0xAE0D4d97C11857a5a27D897057EB54dcAE27299,1500
0x611522E00d2Ad2A28709fEc01597D4dBa40eC7,1500
0xB95ef940Ae7dD2b9A3f6f49A3C8eD5E75191f1a6,1500
0x84ef9bdc7cc671c70ff828d676ad099186ae0534,1500
0x4D16f58F0030C794c6bF5AD9676559946dfad550,1500
0x39bC75009db550ED191AE164530AfC9B52e1a8,1500
0x38123a191e9685448658d2207B0543E2Fb9282,1500
0x6B8Eb8EFD14cc3cF7d7C7B94e8A280E751FdBd5,1500
0x4bF74D7100Fc80f5E9237f4fE8784E11e5684f11,1500
0x71FdC35d246a0884cDBD0165e25cc6e7Fb3,1500
0x6ED23a188a51A801B608463e35986FDC282F2a79,1500
0xF0700014E9b9059F6c07713C7160E32FA77a801,1500
0xB162c5d7643000462C8668BaBD948fa8B2FE264,1500
0xAEAcb70A0c816a4f985Aa6FA629C2f5500ae29,1500
0x7Ce16Bf5FF1C66BfB58e44bDaEA7211319443404,1500
0x2C3659AC76c0233325e71d1E592aE8a93956dD59,1500
0xA12deF0B79Aa8226984F8a26076Fec579A3972f8,1500
0xFcFa487400B209C93e79188882b550a8cDCDB8,1500
0xBd4dFC89864D06a6e8A7F85b9e536A469c489F25,1500
0xc09413E912dAA64315823dC4aeBb14cddDCe1Ac4,1500
0xC51Ae3C0d6a5381798f12ea522CBDE4DaD7588c8,1500
0xdD62D5445f80A47e500aa4032885F603A39cE076,1500
0xD6ce214bE215412c2023eDAB2503Fe43ca1E2d8,1500
0x14fFf952CDA58653a1E08F4c0A5aE284Fd5B95,1500
0x07873d569AB17c7Ab13921c3203D6e87DD3e1Ff9,1500
0x76F35C87115859B11e2567eBA9c7E51030246793,1500
0x78540bef0390A8f00a536e8872516FBf1B209092,1500
0x03f0113bF2a176748f3260526960D6a2999,1500
0xD920AF54662E86f329da602873FD0DfE6D86982,1500
0x03d78819971FBEf044d9771B1C29715B6575430,1500
0x70e9b624Bd6e94b857d46d028BB58AcB05Bdf9d4,1500
0x1C345F92f7883FD9E7855B3E9B60FF8ca28b6728,1500
0x9Dc17dd6d85974249C6C9ADe5E5DD6978ff7bF4,1500
0xCB835DfBA95D371f4d1D6aFc2E2F9B5B1b5fcE92,1500
0xb621AF7184154dDD305cE03516D45eb6a7961Be8,1500
0xb414191Ea9c943CAA4431c48a7e7D23d592f3B29,1500
0x4DBC5F10a382a91Af42AE869e8b78278da6A3c4,1500
0x4E56d8851455AFC3be103E3E34133CF34ffC5fF6,1500
0x7287D9E3A4876dB6a3Ab00B65103345A525c36,1500
0xA05333138ca34F6Ad98992bD5074AA94d5E87a0,1500
0x2e1A763dC288DeD5d17DF6DDa4d1396a772E95,1500
0xBBF7fF07700873ac52DEaf7995cF91fF3800796,1500
0x4Fe540DbA8ae9D02FeD900e68862538514D4035,1500
0x69e0b7126580f4cDF3E0Be8657Cc0500d9E430,1500
0x9d75cE85a66Fd3512180E390fF0608B84eAaEc6,1500
0x45C62471a1BE52521b581bFc8Aa1bd6Dfcd3f65,1500
0xDd87a17BA7B486647F26028bebCce727152911,1500
0xfD4e9F6c3D196A44ac73D51334DFecfB2212590,1500
0xA017279b02E3b92F252Cf7239BDc2a5F7Fe6223,1500
0x66f577f8B9980181a2e48b2c1bB0A3dE1C097D7,1500
0xf408a3f499fd7F036d00b64710cDDb00A8d0Aa63,1500
0x552C52ef31d3c2e62C53A92276e4a7f2921675,1500
0x6b5f4D9709C64d16d086734416a5ff3bcBC35606,1500
0xD0696B6569BD41BE7026F83e3046ae9Dcb424505,1500
0x7b0F472109a8eE618c8A874341c6B45e068A0857,1500
0x54ACBE2cB0d645c22534E6bB7069A90BcCCcCa61,1500
0xC8b395Cc59b3CCDB9dA62b3bf624cf1c9dEf2238,1500
0x59C5fFE6011AE2e3E437fe743c9FCBFf663cc4F0,1500
0x93Bf3A80f527C9Fad622c29D1D95d04879B31352,1500
0x759ae310Af16D93500edee00573F222b54e2bcA9,1500
0x2D21cabc1d806C5A6608Ff6Ab7360E20950772B0,1500
0xaD4Be84afa42EEDCa290f5cC170E78d7fd75590,1500
0x0bBd3D34C14530758a5c860023Ece2C123b73da7,1500
0x91634D53C4Ac7c017aFa013E3acFa8fE821c189,1500
0xb69D59cc9a6402C501d725982a01EA81468A95,1500
0xA62Ef2b89003eb40a9F51D674d02a7FaD6bB41,1500
0xa343788b6613776cF155EFD5dAb9aeFC2f5e852,1500
0x6548002Fd3eeFdc72179bE7f0322B7Fd2C306387,1500
0xcCf2325E8fd3eF170B47a09B7eFb0E9ccF25092,1500
0xda05F7f4614b0B62df8085120Fd145ee5B9E3167,1500
0x48d284605F6b9F3e799b983769267cC7D678C15,1500
0x7bcdf76694d630F32Cc156520D94ea8398F94571,1500
0xdf4502b5c9de4a3540b77460c91d35831b260333,1500
0xa61342A4811c140D802285c39920745c2c7aEB30,1500
0x84988d5766ae8912779eE655E85E27FBA0Dfc803,1500
0x14972c0E4d64e44dA20Acc34D0236E13A43Ed084,1500
0x9d76eD83071f6209D21F12366C66F756Dd9A33D8,1500
0x792F327B585aedb3133d3d7050bd58d275676Ab3,1500
0x896c6fE3B91c7D9C266B325E5fB0A2E4D0f02174,1500
0x0000002a86FCcB4c2c3fF4F1bA87A393458834,1500
0x2CA44A22DCD8ef27228a2c6d6d1fE3BEC66,1500
0xadAD7ec70aC6b2599360EFc99089b575E4Bc376,1500
0xFC9C56EC9CD3277D34bCD9DFAf2572DFF7A91932,1500
0xafdE46E61D89e564Cd3200cb2e32D6AcE5C77f53,1500
0x0eb91C0f8Fc654Fa0529A11E8C7eC264b0468a89,1500
0xF791c2E2b269718A0bBe51A9fA01327d83a0E3f3,1500
0xaE3A7Cbd4a62854d561999E6FB21653CfCE16,1500
0x30504C21717e854C2B66376d3F6D248e15Eda53,1500
0x1ED7A2aEcBB992740665294Bcbc5d6c24713E26,1500
0xfD2E9400cd9c07eE377FDDd01658058db3E626,1500
0x5bc6fa696E918c760ae36CCE9Cb38D2085aa3790,1500
0x597D0b70E48918711dF019795b0e5F27F1a3322,1500
0xBE3C90D34b757587C62852DCd57f7c8E1bc5547,1500
0x3048da6Bf4938E14292E1d9795Ef569efA77c15,1500
0xBfC2c4fbd7EEDF88Cb07eC2974d3C2109602EA00,1500
0x968e7dc8Be17De133994818f8CecaF583691772,1500
0x8e08Ed24B90b02699658142676E615BB22eD956,1500
0x6cF772f040Ffb54E8322B9E077a96073aa953E9,1500
0xB2737298e7AC725BF87Ef9f61F4753666fe74532,1500
0x86b8C451ecb081Ad1cB519266BeC70386483a39,1500
0x1583a435897B38Adac501d1463adBCaD6B2EcDD8,1500
0xcD15d6F182e2f3f182208343f11C2678F8254,1500
0x88225CE74A3f901D9F48548D82f2C459f46a5420,1500
0x8A2Ff7f45955Bd3d4aD679741Ccd35304825637,1500
0x4bce16Ef41115Fdc6814a22BD595ec070Ba65D72,1500
0x5323dfd00A9A56778aa49d9603dF49DA20d5F1,1500
0xbad6ddf9886264f247ae9b79ecb535092e2442,1500
0xDfec075c9aBA9E68E69B0569157412F294626b40,1500
0x2eff2Ea5C9EAf324BF3BC3290E805dd73fD751f2,1500
0x0084097e1ddee3aea0c6fbc8d381577ab6a5f0b0,1500
0x56a314F4D165326035bAcF716F0902E695f912,1500
0xc7940F49f7424D577162EFf7a8bE943D75fa5B58,1500
0x5B08Dd9b4c9187183371B4F4AFDE6a56Fd186426,1500
0x08FeC9FF495BE387e685a12437A9353E1fE1fC76,1500
0x2138AC43cAd06b7B1f5a53F036367f07F4C6BB51,1500
0x41e74Ff1FBc178179759820bB11d68f70c9FeEB9,1500
0xf1Cdeef23eD057c0f56Bbb922D67389611D6E55,1500
0xEfbC53e0AFdc9f649Bc1Ab692461df57E70A560,1500
0x508D3785d2a11Da3f5f3D09d7056e83577e6E7F0,1500
0x941A549f0ebc120eC30C438949C780B991AB99b2,1500
0xE1F3Ab11146EC29B50F2771c544044F876432,1500
0x0E9Cf929F0815709A67678b43D26917201AAA6D5,1500
0x63360384656e316A50317fbD36f3eBA8b1bC30,1500
0x806DE408951b3a0A9cfe5D1C2523c372C2E38C6,1500
0x194A8C8810eEfE118aaA2fE101347079cf63,1500
0xC97b6F9da34bCA5d3c7d505E475bd25B73eaaD6,1500
0x15F3bd4186AB4E389D7E7E921f097B884F7c08B9,1500
0x70C73Ca8010fb4074A598DDADf90F23c69340379,1500
0xefE9869fD2e35Bd7E8A640ec234A9DF679c42bE2,1500
0x84DDc499391D99DDdEB9BBee43B46a3D7faB964,1500
0x86E92eb450132c5863619DBfb74ed5495d020,1500
0x57b7Ac71E4634c1900E7F101C94e1FFA36c00935,1500
0x0618c97aAB9224A20B2f890ADED3B357d292e2B8,1500
0xd5a16e83003d296BDaaD6bcFC861cb71262072d6,1500
0x8a7b58ba0648fb176747868c01793f55c62ef88,1500
0x8420c6f686d632D1c8fa3BfBb8d6646720AD3566,1500
0x73927A5D01cE28ff38397f6DB2050E3eB30Ab8,1500
0x7683431EC913e6B7821f38D86f2101813D7f875,1500
0xC462AD3C8CAaa6C97BF32451241D5C5C4B4Bc2a1,1500
0xb798Eb547E95C5150D2A145D8dEAC36fC3Bc1321,1500
0x000000558560405210D93aE51e84432c32b6c41,1500
0xa2e4974CCf22597AbD97b746fB03A1980419B061,1500
0x6Cc9E20E067aEf25d7E3BDCB1a825e0456420bE7,1500
0xf4fb4C77ed823F135E6Fd31b0Cf09ec770e27F12,1500
0x2A4cf84aAFCFBF76a2fC787848bB230f0192a114,1500
0x9dfb45eB80960EC6Cd912b24BF8F6C3C7fEE9b10,1500
0xfb0346ee8550007ac5e5774f270ea0188f572da2,1500
0x72dD0076a5964a20BDf0C42559CbEA522C303a44,1500
0x42565C799491Ed4C7F371C7a9cd371BD9f85EAF3,1500
0x365dF6EA0Ce4fEF6dd6f1d246B012749115945c4,1500
0xD5c9C061f3F5eD686Bda74909b26A845438E098,1500
0xab324d97d1d748A9CEF022583ab5578601EC448,1500
0x55Ff2E571483A288CfAab5a556443578C32d462,1500
0xdc5274E19607E5BfcAA3304A646c5af6C125DD40,1500
0xb14C2DAC8E8db6C9e8ccCa35743d6b068190C82,1500
0x1C6FE577D9846122c729Dd9e8787b7d271f8610,1500
0xe05fD9431098f6bFA7Ed69c25a0d105d4A5eAA07,1500
0x60d620c18aaa9b12dbbfc6ff5597b9251b3f58c3,1500
0x76C95661c2Ac7c3DD43543b2d9C33A20281C740,1500
0x5318a0F4141c2ef50E203F207dE81a0592C975F8,1500
0x4F7F0fCC53eAb57074611C97ba562e8Be70f94,1500
0xe72D929AE69360A2b9ece4B57B314F0af9417740,1500
0xB1b8DF8D9aC91591DE01EB915BaB7580ee95,1500
0x13A359823e2f2baa844180891E6E440674165d48,1500
0xBd5678481143b4F757d240deeF122A954f480A05,1500
0x4a5d2E1Cb97892DA7C3c618e272d73f1Df9451d5,1500
0x5d51950614f98ED13677e4c23d658357169C9906,1500
0x0002Eb2f32Aaaf8A7125a952C9a3256E65E237E4,1500
0x9b34Ae8402782Cbb690A2D17352852b879EBfDe9,1500
0x5E233f5fEE43506c05a0d6E420dc73186e84c45,1500
0xb3f2D73e31E8287A408Bc2D1aF165EC54FC2D29,1500
0x4d804F10868Ac4A9a6a8772D93dDD140B188404,1500
0xa48495236EdEFb6a88506Efc772E966E5FC868F0,1500
0x0327F9D5fA5d7232e04b5bD7a4aA8037E8F5C84,1500
0x0D08CF4759ec10C66b1bf8518C0319389E5Bf349,1500
0xFf627dCD680595204feceFC2D8303248e7ea69c2,1500
0xf879ec67cbddBa1d8BBd25aF5BBBe02347479a72,1500
0x9c800C0950D88680Ee4E45838b65B71f021d08,1500
0xDeaDF1b671A3F2b55F4fC35Ff5ad1Af7A1727E24,1500
0xAbC841FaE9618929C144f3C742734AC54e9Ff688,1500
0x36D4fc1A12FA8C1bb764c3a02310f85e1E858628,1500
0x662E2984F46D191c28b16cd62439D9Dca8B3D6e0,1500
0x440C323BA720bCc742F78e8f71f7523268c3a3,1500
0x01841b7Bd6688456fB095867648431d5aB994912,1500
0x2e5fF075D31c81934a7790BE9D9635c1E33B8bB8,1500
0xEFAC6C6FD07792eA864A37325E2Fb485fe4d774,1500
0x1DfF794d8FCC82bB34f0E0b7385Fe62B18618,1500
0xCC7A3300F6415beE7c2676AB9BB58E8506Afd994,1500
0x3b3168D02dAC3cBb9EBe07D61970461f8CDA7f20,1500
0xa0E4365d8E4Fff0F2D0dF65938275E3FaB08143,1500
0xaD824Fad1BBd09d833A0386545Ca98C3a1F60A1,1500
0xEB26d3c7336a99F817D641b4BEF567752b377B6,1500
0xDA7aF5c94f6dDe412C6fc64fA0E8E3869a4e8B98,1500
0x8046D90CC7237046298344770ac8c7E7262033,1500
0xE84B0C2Ddb1c4C316CDBb1B7FA562ae0Fb87a529,1500
0x3b3168D02dAC3cBb9EBe07D61970461f8CDA7f20,1500
0xC37f37364955B28A1fcd807ACd9ad7B730afD81,1500
0x53F635288d5286ad025C00714B173FFEc8239249,1500
0x4068307F2f237815237174D6F44AC7D4F36216F6,1500
0x1Dd19CfC54ee4D330060E2C7e8418c7C1b834E84,1500
0xaf40E6701436F1508Cb281Be1a97ae72349862F1,1500
0x70ba4dB5D548b941979aa1351488BA921Bb330,1500
0x4Da1333A4927D6463d5908F30d9D00b2A80498,1500
0x24AE9714dD1B0446182A2518489D689a49B2b42,1500
0x3dDb63ecC0E180433450a2484D2b57E5204525e8,1500
0x9B427113C6d1d2CF442b4b26C23ca965E8e74B1,1500
0x0b9C131cb09e608D7F980D03395F629a67325953,1500
0x94f19aFAC68d89eB7577087e6CF5819aB18FFD45,1500
0xd6CB73166f166696AdE4Fa7D11e6C0c93eAb2dc6,1500
0x074A507f592217e7cEa840836c13c1FDdd6C200,1500
0x1ae7b21BE90F972B2C97e0A0eb80136B5ae0A4b9,1500
0x8d9B476f9BEe02452935aA160600FCE9CBBE6D8,1500
0xbe30b39Bc2E8D7B420fd8D3Bd57398bC6300D223,1500
0x5F413586c36D0CfF7A19ea6A61237A0e895388,1500
0x58A6E9595FCA91B55ac4F0075B3C99DCBB95cf31,1500
0x227A6bFF8454EA9492f54a160491370258C0be74,1500
0x116A5Ed06D4F895cC51e3d3F2E84Dc0eA2855b13,1500
0xF5a18F12f4A61c6455E38BCc9Ec54b1faBc36378,1500
0x6BEC785e055B4D1bA6996187A3aBaeCaD9885c21,1500
0xbFB69E4bc95062c7D1D11627e296Bd40735122,1500
0xB1d71A4B4AB7Ae4A0197B1B49fF88B034669D667,1500
0xdB68bb647A550f7A41979959132491C765df4D63,1500
0x4a1529bEF120Af3f9921eE48f1F33C0d3e8Caa65,1500
0x7b003b3ad5870353D500CE896343b0287a2c78,1500
0x432b9bB7978E3a22d2b8452f935B1D22dD23A9,1500
0x565Ef6Cd1d7aE856ff3D8A52607b8A0d81bF7E0,1500
0x109551C29Bc5BCCD3f913E14d701597C6a98a617,1500
0xe9b8C77C0235934A82A45724c054c4da45cE4406,1500
0xd6628d4f51c121DcFCe635F8d81536Fe01C0Dc29,1500
0xF35a49BF5F15Ed884F311f830D92c15B320dD7,1500
0xBc9E58e841C51E16618351D9984d6829403c33,1500
0x500515dfE139D1206776b870b5b7447A1c2fc746,1500
0x2eAeB7AcF4F1E2C9981e416652e2b5eb0Cd24098,1500
0xCB53e03b47fAB7fE1D6FAb1271fc95A49e45587,1500
0x0E259348b75002950D7bBC0E74Db59C53aD6eE5,1500
0xBCE8a7Be9247dA4caFc12FF98bf0d74a15F6Cc66,1500
0x4BFA1f554628230Cc992da32442E20D6Bd486A2,1500
0xe9E13189D67e4476B609F33F0cd919e56018b6b3,1500
0x39f547c4125664c355c4632158084a28D4b473f4,1500
0x27C92EEDb2E95C6013A59c5c42B1566Cc6e630,1500
0x8D46dBD2A10570515A2b8d87a2114ffea1Ef1b30,1500
0x61A627a11F8037205C3B68B0d7DC364a5b1CC38,1500
0xcF6Cc1f13A8b4C5b9044acdC2ceC2D17ED26a92,1500
0x60891980a06a17959109C50af8c8AA7A0FA05A91,1500
0xBAfC2a8D61a143dedeE166c2dDE95dC8a81b71,1500
0xB947E80C9D47C91F26c9d91D98fF250B33437A03,1500
0x753C314c97d9D76eDA6F05bcE020db410C3812D5,1500
0x5A0A4a6F8F8B3C91f442e45c60e20Ec5161E6B53,1500
0xB4fB56cB4ECF86F93ea643d79EE909a8664AB48,1500
0x9a6D237a8f7b1a31E8688F3bD089D88B284C5B29,1500
0x88F95D82e715e9ed019979Ec64A6a51D71a604,1500
0xa1C07Efa3F49e5A6c44AfF466f9F0Cebb5379,1500
0x65AD4ba670955f41fAa01eD0C9776BA6C83D5757,1500
0x72CcD287CAf23D839ab9760EE3C55DC4Db55321,1500
0x74E6f8363907AEc831ECD092A28999F668a20ef5,1500
0xA2AD2D019b8fc520D1B3438FaDF23165144aCca5,1500
0x7efB596E6958E33c7D74Ab73D5aa4817Ff58D182,1500
0x21724C05F1017075Eea55Bf9E6F5f645a26759F7,1500
0x374C47154E08F964012277840cca594f06cD9f2,1500
0x29b479471b5162FcE6152457595E8C3bAa92576,1500
0x36Bc3B87Ba6b4636A96aEF8b0058856d05cF5E68,1500
0x3a5DF1bE48C9AD21fdE40d21CcB1C23745EF6027,1500
0x5e1C93534875286B5c2e44B95BEA136B926a4e08,1500
0x6615004A73d888e391Eda81bAC4988Cb1A2F5e64,1500
0xBC99c4BD93c24Db1Bf553F2c7F9348be639fe5B6,1500
0x0321e89a7B9484f47e8CCD4daF97Ee8066783c04,1500
0x11E3b0Db9f9F986F002A5ABD4E3d52607703E9C6,1500
0x5Ea97C0AD230fB49c9d9A1E296255cf863332899,1500
0xEC88DE917E978320F583910e40B97A357e7D0a31,1500
0xBcD8671f0799646573f73E9AaFB875219a8721a5,1500
0x2C31DBc44DD952E3192f768E8df782D11D9b5B31,1500
0xc04eF1324479a7488A7DFDe692A210CE581b117,1500
0x194A87b4b66dcfA9373d22922EA7F77cfbea0c83,1500
0xf5C44945671f4e9018fF0993E7Bf9FdF573d07,1500
0x683E08720e836dFB1cca9AEd533edb59579734,1500
0x1F2beAF8439039dCEc062Fbe056458D34f529F9,1500
0x9E3021976d298F65d443983F5DFB5A4Fecbd8f6,1500
0x5C9716d9e4F637421983c5520a7b1E777Dd400,1500
0xC4d54715eB2a59657ee86944403E8bCff1498Ce4,1500
0x5F9a37E18307884fDd811a7cFe4C30D7F9E03C4,1500
0xFcB1aAd990D5141D9B5717B51ce4347b6c7e7,1500
0x97C9baa588a4F5fD7bF885E6373705d363A0627,1500
0x79b48B051F27404eee19265cf6d6d597F6011fd2,1500
0x8f022170c21824D33A17bC4b65F67F55896C9b82,1500
0xF76D3708997333523BD43B8793e28e8bDd382FE3,1500
0x10B96570b4e16a102aa49a6ABb28ec4673637323,1500
0x8a0044c67e6150a83f0d346c802dCEB6b4f66784,1500
0x4f3396C1b94F9504c7f52061090d303eFE28aA23,1500
0x9DcD42479580e6E676a9097b0bbad2DE97f5D9B3,1500
0x453F48359fcA73B4DA388F16A30b8d947Fc0,1500
0xc650697C6AE87a9D970252e6604734aE0f079e14,1500
0xdfF19817E9D08C0C815925002806822eF0f23514,1500
0x79310262856ebe0b16B0F8AB91ED6f801B4bdcE0,1500
0x3d5C558756D643029C45eedeAE80cDeDa761CED3,1500
0xCb31D567b48c799940a29823d3497487683B4be3,1500
0x4498c4159d6dD2768316a547be6D65406B3Cc358,1500
0xc5Fd34281464669Ec670279AeBFF9cf0B5cF7B85,1500
0xd7015a20a41BC6D693091cbB9FD9B2a827e9f2,1500
0xC8C0d994e9C7776651b95AcB01cc78afcb1060,1500
0x4311626804908324Db2093ed4903c38634188B08,1500
0x1bB31af4559675f2EA9bda457Dbfc58C58cd0791,1500
0x92C5a15D4437E3E3f38671e490e4caCa8843c92,1500
0x96C2E8A880e70d1adEc385367F959bD91163E6f8,1500
0x8C35d770095358Ab37ADfBe96416AA6C515B116,1500
0x1bc25e10Ab3349feE9E54839EAB825f0243aE1c1,1500
0x6C063212c2054f507930193FD2517dd10114f091,1500
0x621E7F9B866a8142B1179fD9E986B862081A82d6,1500
0x932Ad9F66cF825e7aB97A8148CBF7E4744c01Ba1,1500
0x3e7D707Ccf7c6529f04836451cC77b1445A0596,1500
0xDE7E9f5f90Be120A61b2061cf8564851f931,1500
0x4f9EBC78810951317625736c9783635C343D2f82,1500
0x40c5D7010DeB047Ad02fDC80B6C6C0e6Db1D046,1500
0x3067083f3bF985939F764674c4111F4d10c17d2,1500
0x7cfB6cc1eB5dAe00739Abc35f8B1729CCb92FeC2,1500
0x6A050ff93EE83b2C8fbADb3c10E037ce379F5e7,1500
0x87846699083491ded70AbB2D0d65e38e88568a5,1500
0xA0d9361c7179c88Bf707FD6b606A1855fE57559,1500
0x1D5445EE8B2F5D376FB6e7A01dA181B998dC7e7,1500
0xfB581E6A83979053f8A7712E1E53adCA0F2EbBD0,1500
0xbaf2108dC5d20f496b17FF71596D6b73e58a3604,1500
0x7864fb4834d53CB33d4E828B140c8c68C8df3a76,1500
0xE7293D71e48f784FC9c2c8DF1Dc388b315144b51,1500
0xbbaAcFfb7f37fF44C59c03cd6af883A88adAaa2,1500
0x5690c656bb064c648386d1178df680d2c8962045,1500
0x168347e76B74664fB3dFB74AbA244bC5977D42B2,1500
0xdd53cFa385792d1bf0730330Ed0aE8C20D161BC4,1500
0x4ADA19B30e5179aA8eE74425fE75E001803c5C95,1500
0x516618C2F8c3025c0Fb1Fc67F60a466BE02a4a14,1500
0x9CB24a7B8F5a31261C0104Edc9AFF707D8095d00,1500
0x7F3c8540dF77bdF1B7685587bef95ac21f96A1E5,1500
0x8631C05Ab0f7A4BC72db07DF31E1E17d8988B3A8,1500
0x22C71EDF8C6893C45d343bb1F7f987b8De5D0e42,1500
0xb021Ff4B725dC0B0a02ddEa4290A9fBc758aFc45,1500
0xF9a40A2235Bd0a4Acb79364c76a3103F7CEE62,1500
0x7d481f7E897346E93Caa949327B5Fc0D272190C7,1500
0x56CF01fBDC300D834De2B94079aa68b11A8bF42,1500
0x2e5fF075D31c81934a7790BE9D9635c1E33B8bB8,1500
0x55cE026F493341fdcA5E4188A5B97375a441eC5,1500
0x5d32eb4Ef3Cfc2daE34045fd2e8a435EcDafe688,1500
0xA884A2F1A5Ec6C2e499644666a5E6Ef97B988888,1500
0x94DdD12ec53C938B61Be7c6322aA8e1c14CBc378,1500
0xA0c7aEd88c45Bd407e00aeE2414141FF62D75762,1500
0xF14a31E1de24A909D68Ba05084F87436fe566666,1500
0x67Cb5d79e84c1A70b6ed5f5D67eb69b615D3d92,1500
0xb0A64E36AAF19B954fb30515b6144f7F3A5C2A41,1500
0x037fFD8D0C215aC4060315749DB20Cf66E482043,1500
0xfD2E9400cd9c07eE377FDDd01658058db3E626,1500
0x5bc6fa696E918c760ae36CCE9Cb38D2085aa3790,1500
0x597D0b70E48918711dF019795b0e5F27F1a3322,1500
0xBE3C90D34b757587C62852DCd57f7c8E1bc5547,1500
0x3048da6Bf4938E14292E1d9795Ef569efA77c15,1500
0xBfC2c4fbd7EEDF88Cb07eC2974d3C2109602EA00,1500
0x968e7dc8Be17De133994818f8CecaF583691772,1500
0x8e08Ed24B90b02699658142676E615BB22eD956,1500
0x6cF772f040Ffb54E8322B9E077a96073aa953E9,1500
0xB2737298e7AC725BF87Ef9f61F4753666fe74532,1500
0x86b8C451ecb081Ad1cB519266BeC70386483a39,1500
0x1583a435897B38Adac501d1463adBCaD6B2EcDD8,1500
0xcD15d6F182e2f3f182208343f11C2678F8254,1500
0x88225CE74A3f901D9F48548D82f2C459f46a5420,1500
0x8A2Ff7f45955Bd3d4aD679741Ccd35304825637,1500
0x4bce16Ef41115Fdc6814a22BD595ec070Ba65D72,1500
0x5323dfd00A9A56778aa49d9603dF49DA20d5F1,1500
0xbad6ddf9886264f247ae9b79ecb535092e2442,1500
0xDfec075c9aBA9E68E69B0569157412F294626b40,1500
0x2eff2Ea5C9EAf324BF3BC3290E805dd73fD751f2,1500
0x0084097e1ddee3aea0c6fbc8d381577ab6a5f0b0,1500
0x56a314F4D165326035bAcF716F0902E695f912,1500
0xc7940F49f7424D577162EFf7a8bE943D75fa5B58,1500
0x5B08Dd9b4c9187183371B4F4AFDE6a56Fd186426,1500
0x08FeC9FF495BE387e685a12437A9353E1fE1fC76,1500
0x2138AC43cAd06b7B1f5a53F036367f07F4C6BB51,1500
0x41e74Ff1FBc178179759820bB11d68f70c9FeEB9,1500
0xf1Cdeef23eD057c0f56Bbb922D67389611D6E55,1500
0xEfbC53e0AFdc9f649Bc1Ab692461df57E70A560,1500
0x508D3785d2a11Da3f5f3D09d7056e83577e6E7F0,1500
0x941A549f0ebc120eC30C438949C780B991AB99b2,1500
0xE1F3Ab11146EC29B50F2771c544044F876432,1500
0x0E9Cf929F0815709A67678b43D26917201AAA6D5,1500
0x63360384656e316A50317fbD36f3eBA8b1bC30,1500
0x806DE408951b3a0A9cfe5D1C2523c372C2E38C6,1500
0x194A8C8810eEfE118aaA2fE101347079cf63,1500
0xC97b6F9da34bCA5d3c7d505E475bd25B73eaaD6,1500
0x15F3bd4186AB4E389D7E7E921f097B884F7c08B9,1500
0x70C73Ca8010fb4074A598DDADf90F23c69340379,1500
0xefE9869fD2e35Bd7E8A640ec234A9DF679c42bE2,1500
0x84DDc499391D99DDdEB9BBee43B46a3D7faB964,1500
0x86E92eb450132c5863619DBfb74ed5495d020,1500
0x57b7Ac71E4634c1900E7F101C94e1FFA36c00935,1500
0x0618c97aAB9224A20B2f890ADED3B357d292e2B8,1500
0xd5a16e83003d296BDaaD6bcFC861cb71262072d6,1500
0x8a7b58ba0648fb176747868c01793f55c62ef88,1500
0x8420c6f686d632D1c8fa3BfBb8d6646720AD3566,1500
0x73927A5D01cE28ff38397f6DB2050E3eB30Ab8,1500
0x7683431EC913e6B7821f38D86f2101813D7f875,1500
0xC462AD3C8CAaa6C97BF32451241D5C5C4B4Bc2a1,1500
0xb798Eb547E95C5150D2A145D8dEAC36fC3Bc1321,1500
0x000000558560405210D93aE51e84432c32b6c41,1500
0xa2e4974CCf22597AbD97b746fB03A1980419B061,1500
0x6Cc9E20E067aEf25d7E3BDCB1a825e0456420bE7,1500
0xf4fb4C77ed823F135E6Fd31b0Cf09ec770e27F12,1500
0x2A4cf84aAFCFBF76a2fC787848bB230f0192a114,1500
0x9dfb45eB80960EC6Cd912b24BF8F6C3C7fEE9b10,1500
0xfb0346ee8550007ac5e5774f270ea0188f572da2,1500
0x72dD0076a5964a20BDf0C42559CbEA522C303a44,1500
0x42565C799491Ed4C7F371C7a9cd371BD9f85EAF3,1500
0x365dF6EA0Ce4fEF6dd6f1d246B012749115945c4,1500
0xD5c9C061f3F5eD686Bda74909b26A845438E098,1500
0xab324d97d1d748A9CEF022583ab5578601EC448,1500
0x55Ff2E571483A288CfAab5a556443578C32d462,1500
0xdc5274E19607E5BfcAA3304A646c5af6C125DD40,1500
0xb14C2DAC8E8db6C9e8ccCa35743d6b068190C82,1500
0x1C6FE577D9846122c729Dd9e8787b7d271f8610,1500
0xe05fD9431098f6bFA7Ed69c25a0d105d4A5eAA07,1500
0x60d620c18aaa9b12dbbfc6ff5597b9251b3f58c3,1500
0x76C95661c2Ac7c3DD43543b2d9C33A20281C740,1500
0x5318a0F4141c2ef50E203F207dE81a0592C975F8,1500
0x4F7F0fCC53eAb57074611C97ba562e8Be70f94,1500
0xe72D929AE69360A2b9ece4B57B314F0af9417740,1500
0xB1b8DF8D9aC91591DE01EB915BaB7580ee95,1500
0x13A359823e2f2baa844180891E6E440674165d48,1500
0xBd5678481143b4F757d240deeF122A954f480A05,1500
0x4a5d2E1Cb97892DA7C3c618e272d73f1Df9451d5,1500
0x5d51950614f98ED13677e4c23d658357169C9906,1500
0x0002Eb2f32Aaaf8A7125a952C9a3256E65E237E4,1500
0x9b34Ae8402782Cbb690A2D17352852b879EBfDe9,1500
0x5E233f5fEE43506c05a0d6E420dc73186e84c45,1500
0xb3f2D73e31E8287A408Bc2D1aF165EC54FC2D29,1500
0x4d804F10868Ac4A9a6a8772D93dDD140B188404,1500
0xa48495236EdEFb6a88506Efc772E966E5FC868F0,1500
0x0327F9D5fA5d7232e04b5bD7a4aA8037E8F5C84,1500
0x0060adCBbbfcaBF4fdfc411dA577aeCF4Bd5A380,1500
0x99d612151cCEFe6284fba66d6953D764A59e68,1500
0xaDA4457542EA8473500F2293948A11E409156e38,1500
0x48a6AA131725b1c1D1D3F06484fb4Fe2bf5d6A1,1500
0x0afD42f682355376c1d46FE69e4c0a1AFAFcF38,1500
0xfCC5C8354d67aFaaFF69A5ca20d9D616D8a117,1500
0x735EFc041Ce5D16bB882dCf820AcB24E314CA13,1500
0xB6D9eAA246c1E2f9796B9B854DA9f4D18E6Bae09,1500
0x864D19b27f6b724086fcd05cf37df2c85aCa41,1500
0x568bbdC7307F23B291848e916f1947040f2d4B8,1500
0x33fca7A95754e9919173BE30d14fb74E35932298,1500
0x6Bb633CD00B79891fE196D1Cd8861cD92Eb0Df6,1500
0xe879a2045CF838e1625dF5C9D747b07edBfA4122,1500
0x2098c95B970971474300CfB35039f5D91bc4dd93,1500
0x2C0bAdC1679FB7666E4705Ef3c0084654bc81673,1500
0x02495D034b0E9d669d309C11D0D5d9281fBfd981,1500
0x187E34c5106ba35Db779733567028Bfa70d89541,1500
0xf5cd542a348f153535e9f9a1c936fef201d2c120,1500
0x46E40aB99378d032C8D0f846F9aa4Ce4f85A6073,1500
0xB0745473a1E8c2Fd886Fe751A58Ceb30d25aDb87,1500
0x34362552623fef4e8f113af8e6c8845c887a8512,1500
0xD97Ea778df35435183c64b05bb562827ba5Eb175,1500
0xb0c26e8dd7422b4d6e735c0b17e72d5378306646,1500
0xf1d4D998DFaa791fc71308412E8E23C60c5EF2D3,1500
0x8c6Abc22256671d804531aC7f462437,1500
0x12227dd8c38967ffb50c1c37fcf025da45df3540,1500
0xfDa47199F531c6372995472a4F13D5B584827B31,1500
0x88A7bCB0b5A58bC11643f4fE281BDd9e9238D53,1500
0x2C5273015b688cC8903D694e65984Ebd7628B09,1500
0x2a7B4aeC2743Ffb150AbCDd920Da50f88B87E55,1500
0x79c36EaD5eFfFcE1E8a379B9Ac6083c92e90CC8,1500
0x46bCc00ad361d702bBB2Be07172Fc385695F6837,1500
0x5825Af674b39c31C96f75bfe092D097fE4EB4664,1500
0x07C448de209EDb5f57F84799a62e137007C8F271,1500
0x024aeaae62B5A75B80fa967ABc1d5c5d3c21E876,1500
0xa7BD1E828C078cdcaE8e855F3Dcb7BaC7BdFF97,1500
0x8Ef895C2f56F19Df297e7d02BA51FB4118f7797,1500
0x9b7B849dF5DA88886DdB6663dEb0f107F6bD03F2,1500
0x9bDF7AEdEa62791603e3dd52c8a0Cca272680b68,1500
0x2eA635F3FBD75fA29EB7b92772F3F5C5395E5760,1500
0xEFb0d0801223A0F1579069B1f43895713663D653,1500
0x6783eC5968aE5d1BeAa52a9fB2E31Aca9451A446,1500
0x3e8492DA4262254E842fCbD8f23C4B868Acf0,1500
0x68927B4c9D4D06Ca8DdB8DdE366985c08bc7007,1500
0xD07eE267926660cC447e95e12068A643747fF224,1500
0xe1c9aCBB22bF0FDfbE03ae55E935F1f0d717e97,1500
0x03db98b811367f03BcfF7872cB794f91f76bB6d0,1500
0x83087bB0d018595B903BcE5f957aD861A9F31C5,1500
0x00000045aca1BfA6b21BE7b1C4616731bC4f1b8,1500
0x78F4f51b254BFC2Fdf64B6ea91c2baA9464f7856,1500
0x8966a762DF157C572Ba212D4AaCFfDEF0c3852,1500
0x9fD634393707ad07739d63C81011BA067681a19,1500
0x408034a8730D1A4B90999C2e6e1f40968B481974,1500
0x506B874c9C371e7D83c7E91EDA845BA00186CC5,1500
0x9D8C573493174A9C5C9B188ad4A6e01BA4B1342,1500
0x8726383A026dcB8809bDc44cBE4de03816bdFb51,1500
0xa3C2651881d2081831d534F1E87593f7e926bd6,1500
0x9113Ba3516DfB0fEf832CD02A45fbAd786d2310,1500
0x1fD42018Dc57979a219E8fBe34C6A802335d07,1500
0x5c8Fc4d6e7f80B81684478Fb7D266c8D0f044F61,1500
0xd358109fA8d003feAF4d2F9C2b6E3ac89758aE26,1500
0xc4Dc05DB3998F7E0a01E747c7436860aE0F84De3,1500
0x71C8AeBC492e6022FEa302E5a9dF2d2fdDa64bb6,1500
0x28465F8981D5B6A5B2292fF76f9F8c89c6EFd425,1500
0xB26CB281De9Fca6beE136a328A1c4aB93894EF33,1500
0x113406A66A9C41B9899f9BF08C39931cD7437aC3,1500
0xC2ADebc72da022160258F78313f5949bD694f4c3,1500
0x2b58C1F0d0DBcdf2EB3754Bd54D768FA6703356,1500
0x2c13043371b70C3f490FFF96a5b74457C212c022,1500
0x7B8d1133D3dbFBFb90aB32071f46106a88cF25A5,1500
0x5D469Fa12dF10fc3b5a1e185F7858cd3768D6673,1500
0xF643BbC88E314EBEC1573509C0A37131CD3e5774,1500
0x6f5a8fa5BE1Ee5434D2a1b4868653C100175cb88,1500
0x7c482D493cE05e7365b49Fbe84D8860b0EFb8986,1500
0x5Fcc8E5789Cf0Fc6C49E525A5c4ce1984F5,1500
0x0C8c73a772D9a2d05B6fDdD6F22A9e1268B75a81,1500
0xbCa952B7C1DF5a36186DBa087345fEd81d155aA8,1500
0xcC7Cc1dD788F9c7BF9B1eEa458bD1bdb8aB11564,1500
0xD30907f5470Ed15215201346C8D5e02A327e34,1500
0x0a7b3839B673Af05B285f2c8231DD101Ab9369A7,1500
0x88AD8a2db4ac739C2325b08a1B9Ce4fE647D00A8,1500
0x2A10743DC4E31de911013A08270dC4cB21D0eD5,1500
0x6cF772f040Ffb54E8322B9E077a96073aa953E9,1500
0xAFAD93492b75CDfb3E685c09966aA8ee6Ad872c4,1500
0x5d51950614f98ED13677e4c23d658357169C9906,1500
0x48f4B5F2e57087dA5234332d7C9F1c90c509bCF6,1500
0xdE42B8F8421141B7D9C697c4111918f04Fb19D9,1500
0x41D46828aF82f27045CaE197A74124Fa2366eA1,1500
0x8117C9BE202B0442EFbc79BC81b07F39B148b770,1500
0xDE88d146F61463D582262a1Dcdf6eA1323AbA34,1500
0x68c9e1c9bE0e22E51A2c95c054070f0F160D9B6,1500
0x49587d84eFBb4562cA53Df52EFFC1BF778b64617,1500
0xAaE3Fb5252b67caAC59d55dBe6Ea802263316F68,1500
0x70D058A26dcD65751e840f766fDC910Fccf466F1,1500
0xE4Ba3979BF81020Cf0195D9a7E0900A0991a11,1500
0xaECad4ecba672FCE1Bc4e36beC562eE8822D0959,1500
0x576faE87273DE5aA8F7F18e0F6d1843516bd110,1500
0x073e8e88301eF0a577BaC765dC273bDA9665a7E4,1500
0xDC8E8c3e9027411F68478B1e9BDd16b2F20a1,1500
0x0EB4F70F751Fd531F01d470A8274b923C0387043,1500
0x382Cab376440F92d4943f8b47Dd45645CF98BE0,1500
0xaB381af37743a48192BF3001806691Ced69677C7,1500
0x75584ED70a5992325B3319b9bb9D5F91862A113,1500
0x59154D32E3dF01785F3b878fEC01A6157BFa072,1500
0x297Ce9C07D8fB341A16D3DdcA61cE921ac746996,1500
0xE1A2CdD4FB58Eee09da78Db898ADBaDCfE5f1780,1500
0xDd39A0698AD792F23716C6E6cA922Ba316f78FC3,1500
0x89E9bb22f0274143bfF319270ff8E9690aF5C753,1500
0xaCD6f69CD59418E17deA5076968daf2E8FcC12a2,1500
0xad5532d0B4f2d0Eb3B6CBe91730bC2ab7fbb764,1500
0xC304b8314c954b9AD374db859e7533cfcc45D884,1500
0x69cC86dcb159a99f02915Ab6608E18C90303dB5,1500
0xeb95EF2CC4dCE24c976970983882337e2eC4522,1500
0x5c4D95173a02282B66BB7Cbb355D60a82Dc221d4,1500
0x2B35CF5ff42D1EEa61BE3F267874bEB6aEb1DD05,1500
0x93FB608B4Dd2a71DB3105467b057a8A222086563,1500
0x2B2a35DA0d0B8c8Ca420473B316d4aD075169898,1500
0xFc8f92E3AF18E0D815ef722EaEDdCd5fb7Fbc1D5,1500
0x2fD76E9A01f53E4c09Fe66e4203282A13B812,1500
0xBAF1A3110bD5E9cd85fb274042aEFbD5a47626,1500
0xA559a9B979Feb58320139C4764A232dC38cE4C8,1500
0xcFF4f735D18dacDb5ee9F32Fc1e12C7Cc01c8B7,1500
0x1f6eE39F69f217046a2dA8482A40F106cd7a9F0,1500
0x51a9a3Df0B784EB45f32De3BD266444B0DcBf062,1500
0x78990CC75655b8312093570Da45eC7E90F38Aa6,1500
0xB0dC3B1f04529984dc65a0A541797b184feB50b9,1500
0x2727c70a2C746294a659c641bC3Ad8F878339E4,1500
0x0f7A15696bedFc47614C5f3E30537437f6c02135,1500
0x98f09DC4B8F637E0cC14169F2dD889a470dF0066,1500
0xc655EcaA371f3E44379478c2A6515fd00F9D8437,1500
0x8df3541aA2A6C3b3AC7CE3f863Cb57ec50e2576,1500
0x51006580dE21D31Db289be8dC7C9F69355dD3A8,1500
0x0397fd7a2D4B961767594BDEA24cCec66B5d7EB7,1500
0x9936438CD2dD1Db6b4402549d2A805023EBe189,1500
0x5cF101c8fAe862369E5167DB9F11d92A1900B939,1500
0x11cbd01E712f209F24Ca9C0D272180f98918D7f0,1500
0xe719B2B408CA091bA7c73857Ac5F599b3a3951,1500
0x7f35ec847F60525AD91Ca1A3fbDa1332A50e970,1500
0xaFe943e5B0b729050C3b24E11eE3f9FFabE7a019,1500
0x9d11658ffbE5999d7B3B4e46aD568e0098bE0E53,1500
0x1bB31af4559675f2EA9bda457Dbfc58C58cd0791,1500
0xEB26d3c7336a99F817D641b4BEF567752b377B6,1500
0xDca9BBF0741e95Dea21fc3d92ea418C7f0d08Da4,1500
0x90949fE3913c9Ae942fedeB89d6c1931F3391CF2,1500
0xEFF09EF7248F2297c4bB951834591897FE11558,1500
0xcb890015908856647ed512BFc0D9a291E93a7c8,1500
0xa7c7cBd484889f8803cBd2D870983AFA5a19467,1500
0xE359eFF26068b6134395857DF5AE61eC1a3b5560,1500
0xA44d59Cd0dB57182Abb5aeD853f6B20134E8CC62,1500
0xa4DA1a068591D0A49A7394F266439315a507c63,1500
0x5689Ae585a5914CE466AF934Ce139498C413a67,1500
0x7B0091084fc88e8e0E1dd8CcB749A0919f4FcA60,1500
0x97011386b3e8968eef69cDf6D3Aee0e78eFD4A0,1500
0xd116C784F5402e3f84a83cFa1cdC0A11982c296,1500
0xE1d919e8cF794b2747543aEf4DE964c35Ce17D4,1500
0x9Aa73fBBf500bd48Cc63daec61D0f854CBEd8a84,1500
0xca32dB5c30F915e10048207F24f3cab057Bd0B9,1500
0x512d566B9716ED6264b7FbD50876b2Bb1f4a0Cb8,1500
0x43e83c7850614E32C872D9e17C279dC18E286cA8,1500
0x2b1E2cCc15d4A72b57f6aa3F8869b95f7bFD62,1500
0xfb952BC0279B5116590F9b374c6c0Dff2E0430B0,1500
0xebD9c3d2D655b1a90BdF1522478aFF840661F9F6,1500
0x608A32Dd29e770d75D4377B82588AEc3e806C43,1500
0x1644ED8eeA6173f492Ed068a4A33E1ab147,1500
0xb821347111a2706D8861D923ac2a96bAf130F17,1500
0x2B9394D2BC96Efe42348157958925233baF67171,1500
0xaa36Df61abde7Dd6069198AAa8357905A7F7803,1500
0xd2ccE0d7270592Ea2Cbc11833a0a4FD184eC0653,1500
0xe28Ad1B2E23b84762DC59152ff66951E0DF5Cd86,1500
0x657da7805C277a154245E02847B28bfB4F6Bc97,1500
0x1A8b5e26c13b6E725aE0169a05513f9333E8580,1500
0xA0D9C5Fd5261fc24b894cA663Ba2763D295d3f8,1500
0x39D75e986a1794980Cf7C23AD4c22049f2DfbFF9,1500
0xBC02a770F142DcD2D020cCFc2840327c3eC75314,1500
0xe9b85B61b2F032a1589A6Bc7A196828794B7266,1500
0x339512c334a18D8b2fb5Ce22a011464f72CD1F3,1500
0x86134628A5AE88166aCE3F20FABD856ce5bF3341,1500
0xFA007452b44F51011218aFcA5706baB4F1336Ac4,1500
0x0033a58D47dB281b7Ab887b005882D09f278F490,1500
0x6f3c85d8A72EF5eE5eB1847783F173503391C80,1500
0xFd2Fd6aD9d2A466e3f497680043480aa5Da51,1500
0xcf7fb3adc0a9a4e6f7caff2ca8c365325fd19277,1500
0xE25E7a738a8469198d8b9Bee7C317418e34761F9,1500
0x14819B28F7BD1d7C48b35f43f68177A9CA952,1500
0x8D2aC63E7DE4569f2812e2B78c95ebF2E9Fccac3,1500
0x546EE615a7d41CBD09aE862F003a74ED988C6db4,1500
0xB3d4082433a9A3139518D4CA950665789ae5694,1500
0x2824880B08FaEC722Fd8106504c454f9Dc5CE58,1500
0x9A39f935477a2F8AbCf5efd37eeA94437722C4C2,1500
0x88AbE5f4Cb006947662A058d6ed82D62B7839036,1500
0x9081cD3F5a938c3CFa7869d36db6Dc5e12EE1653,1500
0x27155CD90a7E73cd4Fe10B4dFC0d0A92643fB8D9,1500
0x6533f592e2687F81562561a352Bc9a96fc3D8D6,1500
0x3620913C3dbE8390c8D1a6cd2164EC8265cE1027,1500
0x962D0F8b5B76718196dE89b69442e391914e033,1500
0xb0ef88Ad40510C3aA2Caf333A6bf1ae4F901d7A4,1500
0x700a023F22C4a4fBFDEEd3d00B951Ef8eA932bE1,1500
0x9b2587f78a73A1070F45e622f1598c2C115cb972,1500
0x671B7242D546E562180dC44a1e4c3d3C89bED9f8,1500
0xb2c79B9C3C80e3fA5B390792f9750cB5e3b7969,1500
0xf42fA1deDabe4b64558964779011125cFF5a04,1500
0x165f89265E8f482760d7BB68c61583D36a4CC21,1500
0x647c7EF5Eba9bA3f508E46239e757d5443b6E337,1500
0x18475b1A5D65B6a432c871397Fc0E2BcD374Ced8,1500
0x58293bA401Ef195C0a06Ee28E8D4F34554066,1500
0x8be94576cd5Fc156A157eaBF05d9F3c89EA3dA3,1500
0xC895BFF121aC4297169f764596b73Acb0a14ec17,1500
0xB529b1Db98497608094aa0AcF0aA41b68D1D9ee5,1500
0xFef4bb759E6297a44683EA98a57AA8718258B040,1500
0x0085Cc4D9ce979174819da928d0B07979C9a9846,1500
0x265af3AD1A1E7F610A27b2d861a1A71c9e387AD1,1500
0x5f5e313fa23afdcDCbfB0C5756e188AEeE1f9c8,1500
0xE12c198F9A46Afbf9B9099Ed8Db919A19afB6040,1500
0x33144b99eB3002Bd9150E1A3aB06612B28b6Fe73,1500
0xe3a4BD2F2786563ff4c51C435C1006cf3d2c8Ef5,1500
0x553FF73812aa4A8e7f1d85BeE3352a726c4AF3,1500
0xf86E9c5f31B49ceab80d82ceDAB06ABC3FfD26A2,1500
0x6379e8F4205Ac7d118d4B7533e557Bcc0B16,1500
0x4254c53Fc3b3b38DF025Ea30BcAE410e11bb95b6,1500
0xff1fb826ad11Bf1cdA88B67364c74Dd9f001e636,1500
0xB0dC3B1f04529984dc65a0A541797b184feB50b9,1500
0xfB8BDD07f62bE42a4634936E8995ebe855c55855,1500
0x18486E63EA8bef057BEF7456F577e8bB5F48D197,1500
0x3A6bA57Cf7e5f6F15065BAB88Ff03EbF705D2465,1500
0x63e33447838B9025E5CFDb35d4aCc12a38342614,1500
0xABa79a3ea7ccd82148BbA5968b4b6Ba6dbf4bf9,1500
0x1E3ee16d15638efE4729D0A704C9668648677AD8,1500
0xccCc6C1f130bf3E07386172b988325d4eD72a67,1500
0x6521BFC770c44CD7191140Fb8314D95356735af6,1500
0x48f39234AE26e390C044DAb20A4228Da0662F651,1500
0xcAC19ab1E8983A3030DDbbB52169D41D1D894918,1500
0xc8c5a7f1CB8934Defb547c791472C4d1e78Fd9E6,1500
0x3E83AeCaa0d05861264Bb0600179D8FACCe4C27,1500
0xd16DD727f8AeCA3d6dD9829cF8536F7141FAd829,1500
0x0CFAB25F87b5B2f22008E8859e8461e267e00b47,1500
0x8e85Da721278a0e091f61A25a58453D623820A69,1500
0x0b563046072e4A1110cEFb00f0f90967118FA7E7,1500
0x9f40a5d3A1349627A442B25e5e302dec9d951c0,1500
0xCb81A81a272d754C2b7bf116C9ea080b6da1f252,1500
0x19884AeC2e463C06f08c3f380568d1A531d3293,1500
0xeBA5B0CBe53ab09c817061767787E310a1D379A5,1500
0x2B6d6E9157174263c950970b8F898c2e719f860,1500
0x0065Cf9af25A4B030cbCf0BE5883C3Ef92B7914,1500
0xFD7f1610B6B99c570A353B4ae2acF3f362B62944,1500
0xe1eC2Ba8ee75C1dB4A203EE39266B2F22e271B07,1500
0x1006d14112EdEB7681b5701F4F3984D6e1db62a0,1500
0xAAFc53eFFe1f350783F2A4a31dEA62929b328608,1500
0xA6C3f5A37c13f5763bb08DF659a8e8e6336eB61,1500
0xBA30a3ec398C7e583C4F10F3cD40CE832e0329,1500
0x0a6DdB6B66D0Ba232526C2e99638Eae7bB23fcF1,1500
0xD59f470C6F647a447031574696d8c27B9B6cC776,1500
0xf5B7226EECC936349dB192B3cA4b4aC3bb7f4,1500
0x25b05E6d3376769d0B546d5ce9017070eCC163d3,1500
0x54229fA8e708F2591F34eA6000e10bA734c271,1500
0xC25Df84fcc138599e90E41cb1A01F6C3bc1f87E5,1500
0xF6FEE581a21B1D1c4730DbD41493040da8597505,1500
0x22d59F0487189eB0a0534947C00780ae193eC207,1500
0x8a1F99541527A4dfbb458532Ff424EDd2BBf0509,1500
0x9c23aEd0b9A31f61f737616A7E8B12A365bD539,1500
0xd5136Bf165EF752410627C81a5365ea6043a9e36,1500
0x6bB6469862Ce578DCFb712Fd495a180f0DBC3e15,1500
0xe554999126a4558572a9864AAcB380D0c163D364,1500
0xe79389F287F7dFe9600D43e199E489e1f8B510,1500
0xd0Fcd113B4c498281D6f43B17cbF09103Be6b1F6,1500
0x63cA8fCaf843934aD07a2F8b9e5B182Da8E9026,1500
0x91d1B68f32AeBF45ef7D0efD9A8509c87a3FE226,1500
0xBdaFCcb12b147d5c168a9E0196b56e1343E325,1500
0xe2F4eafFa04156cbfC23e1Fa518aBAab27ec9E6,1500
0xfb10f7f787e005517d5A081fF2DE2489Ed0f9bC7,1500
0xAeF7A9E8053b8975E05147dee76CfCcA9187955,1500
0x58B413014b36c7b228c50002886481d6D9a9fcE0,1500
0xb62cf49C1eF0595Da297A285FE8477C0cbF46C0,1500
0x45C253A0116d8Ca91264ae67A97b19b2f32AFb57,1500
0xA0D9C5Fd5261fc24b894cA663Ba2763D295d3f8,1500
0xe172C11948C4fD8f4F9C78B7CD83646D087F06,1500
0xaDFeB6d4aC6F45B313531b9BC54b453a92cd8657,1500
0x9745466973A7F26d12bA1FC3670C8d322C03172,1500
0xE8834585aa175A06984c606816106c86b321a5,1500
0x308304822E858cc894b88B3acaF3F7e01ddf7551,1500
0x13a4748F9531be6138849bA7700b0961909C274,1500
0x6Db19c52EcC55cd33632E71d6089607C70426b1,1500
0xbE0E9e71AB0D1aA653547D2b262491e00de11014,1500
0x7E87D3d3d124000FC856D5697eFc4355452157,1500
0x80E46246E765F301fCb6940906eB86760E25E079,1500
0x12cac5B817C737a3F03494CA093613Ebc77439,1500
0x6b617e48754f938d355c878FD2fD4bEa05169961,1500
0x973B48DBa0fEd4DcDF3881eAc0790EBC3Efd97D7,1500
0x6fdAAd45389761aeF2A113E2aF6F57B66c20F8,1500
0xEcB86097f1dF1c98B7413e8Ae2F657dfB656d5,1500
0xFf994d9564e6Aa6E1EEC5575B004613E9F877,1500
0x1E3eEf86f764F9910e9bE00ACeb462D169C9af03,1500
0x6eeB79D2d32C84e8287675a1033171f378052A33,1500
0x5430C0B289a72895062941368d7aC4A78B9f94C4,1500
0x44e90e53cC33F806074cf8E8ff71eA866d4EA7,1500
0x6b7F42BeBf5f1E20cF650684F4525adAA0449824,1500
0x1B1d11143c69d7c361582569b46fABCD78D8AD08,1500
0x1Ea2e4C4b5D5f38d1f42b2fca5a85859bA869B82,1500
0x848A20C0597dABd1dF303058b4f8E974fCe8D548,1500
0xF2fc8D99bf1c1FDF6A4524f7c3396d19fD982Df3,1500
0xfd7c782817ACF041A321b25CAD3fc8752F1d7882,1500
0x2dABd1c849b5AdC1fB421e043Ba53be6Bb2aeC62,1500
0xf106e0311b00e2b5e2a27dfef45a44add2df4b5,1500
0x10049F153C9E4107650943E182d6e684Db4590,1500
0x65DA21a7b762576FA9a113C5953c2bA5525Bc661,1500
0x9271B7EEf678212683F5BAF02D3eFB7baCC50a63,1500
0x7CE11980bd6B4B7231475DC511c63046A4b056,1500
0xB6C38342AC1eA7A4aA084Be07797b7C16D24F185,1500
0x9172E788cd829D75E913E53452B49bb43D32bAD4,1500
0xf5B81d80D6aE800D5be47eB8e8a21eA606A58,1500
0x5255A5a931fD266459509d0A79Ce4d0c691Dc940,1500
0x6B9F31faa57fceE998E925c6dA98933d3071F281,1500
0x2aDF09d595DEA7B5B93108D083E1136ef932ccb0,1500
0x85570209667F8fAe9175d56181ECa055AbB4E3a2,1500
0x610Db2beDfDB76cDa7E2e80E9D3B7824659a3765,1500
0xCE40972b187fc641a46dA4Ba571aCEb9962eE2d4,1500
0x56A03034a98f6103E5CD91a21f3A9140aee82134,1500
0x43Cd7045B622592DEbA4192DF714cC1EF9E71009,1500
0x3C6Ec8Fb33537A487d097C4491d3D81AE43C5f9,1500
0x9cA1e6a27eBAa6d730776A5eB7B995e24fC67632,1500
0x3956F2C32bae380004f4B8Bef7FFa470fBD8c7,1500
0xC2FAfC687CB42387caD68316F15933a28860C2,1500
0x4966DA1b21d7BEE2c38c467330b40642d26dcA58,1500
0x0c4a04dd2898D1b4d16cF95F2348F39730814B67,1500
0xa4aBC2019FaEC34D91fB774F96bD632f93ad5525,1500
0x8726383A026dcB8809bDc44cBE4de03816bdFb51,1500
0xFc7AD9dfe3E2eA35bb2546A8748F3E3ceEdEEB09,1500
0xf63B534F3f3D705363046aE351f13e721bf1329,1500
0xf6b45d48D81E65Ef0f967ACdA1495fFeC64091,1500
0x1FF7BFe105b2DFc1C7E692808B65fafEdcEd74,1500
0x5Ff3BD7cCFE8C0Ee64a64991793b421e0B3A8,1500
0x5a071bA1181E280845eEC8fe4f8D2bf7054bF319,1500
0xD8C2d66a2D7097323a32Ef142c4D534f7102c04,1500
0xaE0508D4a24E3946AF3Fb7537FbA80c2F67889,1500
0x71d6CF8A70183e969fA113C854d3d04389387248,1500
0xDb8Eb119800a162017E669Ccc5910cd65d6Ff96,1500
0x4a3741703a28447a69B1FA141458af03B2DC8514,1500
0x5e87CBC723B54B54b003c261DF0E32726c3c6D7,1500
0xd4783Bcaf375be386e865e0DA7e35f1B116F1BF3,1500
0xD272D80883092845C997765f0aBB5460F9794545,1500
0x636645eC6Df10dcF57Cec532910De7b6f40c4,1500
0x278DbDE3Be7Dc7C8b398005203f8813A5bBD7B2,1500
0xaD5ce501B502830204ABE71d6BA81e5762619c3,1500
0x814ddADf2b6E96687C99d67C22230aA131Bf69,1500
0x3C6Ec8Fb33537A487d097C4491d3D81AE43C5f9,1500
0xD85f673c8F1c2618eC177B0e43759349c592D4F2,1500
0x81B4B24f41ef54d76Ff05F60eF6427B2536cC2,1500
0x3cC9E39F678Bb63Be51256c2B098e12CA9f4aD7,1500
0x7fcc05b148A766F158B7F98D9F66C4fa1c5F4Bb3,1500
0x23EE29bD55d3bb53E20D3E4095ec6303fd08A91,1500
0xF6138C90105604cfeCF852dA41e503802cc2fb50,1500
0xB8729365E4e2B2936Ea47B6c02fdEcC1A118035,1500
0x9a132738e86Ca493fb93fF58FB3Ab8b3AcFD02B1,1500
0x32F5De0D8F24094C660979Ae34772985a1a8C831,1500
0xDdfcDfd3d9Fe929FB8e412bdA6c3Fd8cED7209d2,1500
0x8FC4c1492F10A9310dCD94c2E9a2cb68A3dB7,1500
0xf919F235cFC5C26DB1c16262bdf6BCB063014662,1500
0xfbAe69268B2F1B1356D9C6AF54Be25c27A500D4,1500
0xbc4C819A02dFB1b5aC55e1c303806Af1482b72d5,1500
0x52B572e36db2D6e07f3d07A88f50695781DAfa98,1500
0xC8cB2F70cb0aDbef8C4Eb4Fb02c4Cb178a521fF6,1500
0xc70804e0Ec03bcc6064a7339D0A341c454547437,1500
0xACda3ecDcDA4ff6a7f86f557A3A0177D05BA6D03,1500
0x3e65B1e2f18e9eF2Bb2799CDEB93e70d1ba62e59,1500
0x6a4043c050eD8d06570450B62b82E4b64e88Ce8,1500
0xdb3e897d0BfB2932968B4ac4A3117744c3a8e41,1500
0x62F65C063a288f58aAa1f1782baE23F9452cFD21,1500
0xa657fbc1b3662B7a68e392F68B9AB99E9d1a2,1500
0xC074780F6f62D9A34FFe7426542Fb71bB84A0627,1500
0x8969dF9f383ad4abe63bb8D5b5869D9e971F96d9,1500
0xC9B2E3b332ED8654A9ca308Ea9FaD232F6AFa19,1500
0x95C12917332439BC620fE119D1376d14388A5fF7,1500
0xeB41Acb7ccA431cf7622Fe242478E2caB38E061,1500
0xD298ACc20377A1A120FA8C233f70A427A7DB8E2,1500
0x0033620FA1A608872FaB442e9C0fb29556d186C3,1500
0x587ed0683581fE5bD127A3CE4450cFCe7E00629,1500
0xa5d70869b9F06614De1fDd2D5FDBE210C2F28c15,1500
0xF4B8B10999AFE08966AA4A1d9A6596fB1697f2,1500
0x33D4b7439C46DB06e46e5eE0311495bbAE2A8864,1500
0x243Ad7a1909FF7ed5107F7D01331E62329d98c65,1500
0x77eb6203033a1deA9353dd257309E54A257692A4,1500
0x269e72e430F8d5A2aEe1D987723bD9060bC64ce0,1500
0x3d30417dAdeE579D047359c8501135B05eADeaE7,1500
0x3E83AeCaa0d05861264Bb0600179D8FACCe4C27,1500
0xa7f6c8Addc8E3c733a9e28b5044A27CFb0f8c73,1500
0xb20a1C54842B558BFAD4C14CdFB8aE1C79213C04,1500
0xE8834585aa175A06984c606816106c86b321a5,1500
0x1e090894d74140a5c260484a6f1E64EB020A7455,1500
0xCC6c833436da13973061374C5E0f24e591b17,1500
0xE69ccE4C2B8E48fCBe9fE1125966aA160eC86e0,1500
0x5F755ba4d6aAEFAcff3002B391f8e531465d90f2,1500
0x03AA52dAdeF5083DBc3fF8dA1Be34e26b61Bde0,1500
0x0B323EdfC8B4eeE3FdCEB68e56Bd262cE58CD7e7,1500
0xF25f04FB8b94766c8143BBC71920Df298496FB33,1500
0x6931e2023F681edbeFaC1A5A85e12265527DbbA1,1500
0x5b6d601aE21Cedc89f7db1C925E4a0607A9fB4b8,1500
0x3D4D53d95Ea5A0db54C67148486daa709059C89,1500
0xdb4084237cC26F849a067e30BEc92Eef939d7378,1500
0x2EB0F382ABCBb4C31Eb0fcFCe294d2Ba0eef6b07,1500
0x1F74EF70fc47C48799f4e82AC46De3049eAC0C16,1500
0xa65c3136A371a25176a9c486474f228250F84e2,1500
0x72b5689e1C1599FA9bd23105AD1771541bCf21A5,1500
0xb3B556e9193a41DA46bE2920B1fA1603E3eA1cD3,1500
0x2277994c60A5E8f7e96Be79891C1D798d4Ef7,1500
0xA9DDe1bBb2Ec0d915eAcb162CCc4a83fBA5CA195,1500
0x416f0AE878a0F41c73428E4195D4C150dd2396C0,1500
0xcb4Cb282E19a77a0132c01Eb7097183989BB7261,1500
0x8c2A4674ad55c0662039baD834fDabA47ef4026,1500
0xE2aE56EbD535BA8cab13b8e8f8bB09128434F909,1500
0xb982D80Ee28E04d8052B11abf5986778731D9B64,1500
0x0D1CED4c8Cfe35345837E3ee0161e3FA5C06,1500
0xd201D04084675DDD18A3f614Ea9026EFc8B26E09,1500
0x883463A793723C337F033565d14dE01C6ebedfF8,1500
0xa9e52B601AcaCb8340d5de33c1e98d0404e267,1500
0x567fef5C50da470b0571a54Ae373C8f141CAC46,1500
0x70BcCF817F470046A7e303F374c545c7Ef04be2,1500
0x31aE77103Ec0A79598b62E05697c121362F8734,1500
0x9A39f935477a2F8AbCf5efd37eeA94437722C4C2,1500
0x616Ba2c86c5B104D9d54894744C77629D6DB3e3,1500
0x805d326351872BA228FB131735EF8C285010baf0,1500
0xc8448cD411C1E16422d1Bdf5110c413D0Ab58d3,1500
0xeee31e75647BaCa56dFA005FbA0854f125e4c8b7,1500
0x4ab70E6072Bc043f86856EfDC8F30B2Bb65bB5,1500
0x6e70dA05b32364137C2aAE5d2d02418854521136,1500
0xdA4c1e6D6d6b612708794FA8DB8Ff4E640f6139,1500
0xE3EE4A0Ec6b278D1db205615d3c9d3Ad95196397,1500
0xF57D50Df0DC700e298DF04028da276917D53a741,1500
0x995dc5ca219ab782f333F33C2Cc703792D66E58,1500
0x570e79324a11CF98C6426cC257061f2E55302fF2,1500
0x134D7cb6f6148Ddd1BA45aD185D3e0B072418d54,1500
0xDAdB576fF329e8526F77B53cc83bE98bFCa4B747,1500
0xE9006C3732ddE8C2d5c4Ce65568179035aCE744,1500
0x0Ea2EFdBe653856889D56d7a9134Ec3400860998,1500
0x114c3236A6f85BA2d6D0dBC1AD77c0E4a3886022,1500
0x40386b8BcBE30379138D4A70c955F23857EB0B5,1500
0xB3f7BC721d3E8047D2761378710c75a8aEC14E2,1500
0xB649A1Ec90b01B98B3E3E8E8983a5319440d20c1,1500
0x82382fd89BfD83f86BB0f5ea6a6651821bdd5f42,1500
0x8299fD0b56C59548FfD64E43f0b7a1AC5C106b59,1500
0xebE2101d6eCD21F8ACd36151CE1D159b1F9AB8F0,1500
0xBa968322bde8E5474F85861eee341A954aA44893,1500
0xa914D35e748355EF74A1cf97f443fAB67D647Ab5,1500
0x3Dd2695e69ce7DD78580501f9FcCb063b8676F1,1500
0xc74f243f00B4F2A31fF2555c8893c269E2b0a717,1500
0xad5A9402543D46AFE8F7060DBd89522Bf9f685A4,1500
0xD236a247a421d9bf207b0A0566AA73514A079fB3,1500
0x8fF774DE356452B942eaB6878724676fE7309a59,1500
0x8e2CD1070f8aC82685c7525b75297113E1625D81,1500
0xEd024151D4bC35afAf8fB35291B060a67366b44,1500
0x940d37b4BAc7B61f07bea69aFefEdf29D596a177,1500
0xe6d41527E692BBeE73655281913AA7E482F14866,1500
0x4100dFaC5F44b72419638D0FB2eec4ABBD299,1500
0xB2760Fb805a74c851E9ef61ffCA3dB2eBDb29A00,1500
0x67b325bc83B1C165128bA983F9A0501aC7781,1500
0x60a01FfC6388AD7C7bD66751Dc73882D8fE79246,1500
0x425D0718eDeeFC613da64E8D776Ed316A40F3ce4,1500
0xE9730Eb5ae8Ca76D6A5B88aE1b1958AA3C41D45,1500
0x2416De69e24901fAeCb946b5c69B5DCDdCD29A2,1500
0x1C3247aa3e04B95A0B33609e0AAc4077EAc16998,1500
0x66D9546086AE72D7cc3A0a684d0B468Ba5339a2,1500
0xFc70Bf66024292A1753860F39c5cC39bD3d28673,1500
0xBfd76fD43Cc095C05171f38E8144343aD8ba0e3,1500
0x5FaA22b10b055441fDc0fE929d0b3dE316a15C1,1500
0xf07d14b3FB2AF7c4648B10825EA9D3bC9cd6C5b4,1500
0x04A32A0E92Fe9BaC6529F2576c706679131E3C33,1500
0x127CE61be4073A9006dbdFEAb7bdA37dB8ee1E5,1500
0x883B249af03865Caa44aFd9E6b5c66048f170E48,1500
0x5b6780DA9055087941333e02a7576E7F0B1402C6,1500
0xe39B0612C6f5C744033638b4BE8f16713F80753,1500
0x9d359E1a5866e7a92fd4C9c60E7734B7d8750316,1500
0xaC580215D62Ab41d2441188dEaA00A9263339370,1500
0x2690F890015ea181C822c98Ba16432f94CF661,1500
0xb6fdeBc5df49c0dAdf4DEB65129D375dab44483,1500
0x8Dc252D8eD326dDaBcD885f04eBED999Ec578fe4,1500
0x50B6fCf47b67C2a5405651Db1d714ee001A818C6,1500
0x6D0e190956a0B31d66117f237718113188abe001,1500
0xe0B4b81530A589f061a190ec8506e7b57687C498,1500
0xCC50Fc601E22f819536B024c525AF1811aeb34A5,1500
0x634EA5142039756816418931AAB3A26e7a209f8,1500
0xD37319CbBd1e13b26326622763d312C56B3936,1500
0x562B18b1626cDe053A64dfFC5AD4d067ADC51D71,1500
0x3E2bCA3cdc802d44c9f8b33857F870A890772Da9,1500
0x198b679C541574a833B7f3f63b07ca0F89D902e7,1500
0xE2b0d595F05bbe08b37541071FaB14B367BAC921,1500
0x3c6Ba42ab816D26275e03b1d3b8d4a0B61273ba0,1500
0x7C8534aA732f4d52145A3d939C065A64FeA62B93,1500
0x261C8e3C8F60D15A9879690aFF7f1A0E61452b25,1500
0x261C8e3C8F60D15A9879690aFF7f1A0E61452b25,1500
0xf8D55E46c340477214307753Ab1455a6e1Bdf1B5,1500
0xeb0d9c6e575dE9A05726Fc803A19761D124C0e0,1500
0xA836a843Be7263a8E73dAd9B96bB76A02256c071,1500
0xB87eb287777d4D5Cf15c3feabFFf641dB1d0Bff5,1500
0x5Eaf1dc7f88cd6a95c01e6482177F0FB7318D997,1500
0x775D7D5b73B7B97fc5189A83C2191f827f654863,1500
0x10c5BB18aa8fF0f75377e9e208eBB48C4811353,1500
0x5f0887fBD0ABF599f5bb2d46e3A11f58cb879ee0,1500
0x05f7F81Ef8b158be44b96A3a3Bd5351BdF28946,1500
0xa657fbc1b3662B7a68e392F68B9AB99E9d1a2,1500
0x2E50176d2aDB6926DB1AD7ce7899F588b7514,1500
0x9cf3fcd1cb9edde720fdca9c68067201100d3d3,1500
0x8Fcf0afebEF3975b59369ae9d9A2364e9e43814,1500
0x0630717c9c6baEAbd2b0852e09dF08FEbAcCd227,1500
0x22d59F0487189eB0a0534947C00780ae193eC207,1500
0xcd731F76A12c52501D331306865D19577d91e751,1500
0x0Dc096B35557A0dEAae0cF57FE23a955c3c68174,1500
0x5a6132D05557ee3fCc6DC769D59b302dd8E0c4,1500
0x09969257222405973B8378426ACe69604828B64,1500
0x6f424B13E8BBE0DaB54766109072F41284d9051,1500
0x6BE36144fCc7b947Ad0A592D08d538a5f944c409,1500
0xa3DCd32D696d3e6b1a5612666B97eFdb35B106E3,1500
0x2808EDd543813fcF418de85BB42eedf3B39ba72,1500
0xAb32604480481DC009E11369Af27B9cB23d3d552,1500
0x8E053ED88d7a11ab26baa89db213788bee575159,1500
0x902d8f2aCAf1AD6974e6D50ea52Aab29865f65C1,1500
0x88235fbE0669f5D35E21bce040e5446Ed7DBdE1,1500
0xFB96D60ce3ee83ed4BC71c6E0da10C537601b77,1500
0x7f68a6610ce77E77d843EF6EF9EDD63ABf12AE40,1500
0x5e15b3E4EB0bA67928f0A907542236841C22bF8,1500
0x43e83c7850614E32C872D9e17C279dC18E286cA8,1500
0x6C87D89E0C4b58EB82D527b8a1f31376cA86b8E6,1500
0xbfB69109194D6bdcA94273b61cca0EE6e7055E5,1500
0x2277994c60A5E8f7e96Be79891C1D798d4Ef7,1500
0x000000A53c9E28E0Fd2Fa5FB5435Cb10D9a1e975,1500
0x898c0Fdf951c7a71E5A0B5bD3d19afDf98Ef7Bd9,1500
0x2d46dF5000B84F2c04f26D88E31c91c46fCC12A3,1500
0xdA7D57f8Eeec93968c189FE0daE38f1b5B064b6,1500
0x9B946Ca6F3340A24D5fbeBBc2E570Df5be7BE716,1500
0xDA4FFd09B190b11Bf567dDC056772E3A43DF8ce0,1500
0x24680Aae004c3826B2f311b2c924cE8e58ba2006,1500
0x230bBA7ADbAf5db7F5E901359c1700616b658704,1500
0x4a03B020d56547b84E9dC37e1DF117EBbbfC4D00,1500
0x24B1E3E454829b92e38f6bA4cF1071DE2bE54560,1500
0xf60B12aD0d7CD84212d961cDDfF398f679cB3d94,1500
0x80B6F71fb1528a6158f44977f9048a6b9906D640,1500
0xDB9a302E10935554f64Bbbac02CcDE7113B33153,1500
0xf0EfC3aE6e816b6cADFf0E0DE7060e1946058165,1500
0xE64f23dF6176fb4C72478aeAcBC6520b0Cf335b2,1500
0xa53faE36514A578F5f6d2104302Ac6E114273ea9,1500
0xfcBe00f09f19A8b3b0DDc25fd5123f14f82C4350,1500
0x815A52DaA3A86d7909970d19CA961F90CA966fA8,1500
0x895cAE19987aBd117e8E8fEB4ff45b9719f12A70,1500
0x3F8C66b9475632d4db1b49Fe4d87A06Ac457198,1500
0x46F269eaa51081E94c9f125734845c3DF1e60C55,1500
0x26115783A13bb5029AF1DD44D892Fa70A2380a59,1500
0xb45dC2aFC0aF7211680AcC2102123b5f12228827,1500
0x7945B28C973bf2EddB9cFD10C51bfab9573285a1,1500
0x7e5742344A6C9ea4DB7344A2e734244BC4F8919,1500
0x512aCe4EBAF5166918934B5c55948D8ca1A54852,1500
0x2557d1718FFf8C69CB46d91f53E968c62267B094,1500
0x622eB2d95F7fCdBfF41119Ce42893658fC3B2E68,1500
0x33DF672C4177456b76E7202DE92C9B3f4A92A27,1500
0x84d0543e0E74Be9A85DB76b81041f3274F594c39,1500
0x87eF6F57AbB96E48594Fe496ac4a428DB9cB4e0,1500
0x4dE89C2Ae04a31CC2dbA3E2DA11a38DDc43682b9,1500
0x60286a7A9B705571104409933e37A85a9b9E4068,1500
0x18D7548d19eefB42a5A43C4956Fe53dF6DdD7079,1500
0x7A0DEb03F14D7Df12e8af09ECa1F81D323e881D0,1500
0x99DBFEC7a15C6293A4709c9a5Cd1506C10Da9D86,1500
0x6E31451CbcbBB56CBF43Cfba235d31Ac6D738B8,3500